{
  "cluster_bias": {
    "cluster_-1": {
      "expected_proportion": 1.0,
      "actual_proportion": 1.0421052631578946,
      "bias_ratio": 1.0421052631578946,
      "status": "balanced"
    }
  },
  "temporal_bias": {
    "ancient": {
      "expected_proportion": 0.7208672086720868,
      "actual_proportion": 0.7894736842105263,
      "bias_ratio": 1.095172140878512,
      "status": "balanced"
    },
    "unknown": {
      "expected_proportion": 0.13008130081300814,
      "actual_proportion": 0.15789473684210525,
      "bias_ratio": 1.213815789473684,
      "status": "balanced"
    },
    "modern": {
      "expected_proportion": 0.05420054200542006,
      "actual_proportion": 0.031578947368421054,
      "bias_ratio": 0.5826315789473684,
      "status": "balanced"
    },
    "medieval": {
      "expected_proportion": 0.0948509485094851,
      "actual_proportion": 0.06315789473684211,
      "bias_ratio": 0.6658646616541354,
      "status": "balanced"
    }
  },
  "spatial_bias": {
    "west": {
      "expected_proportion": 0.1002710027100271,
      "actual_proportion": 0.11578947368421053,
      "bias_ratio": 1.1547652916073967,
      "status": "balanced"
    },
    "india": {
      "expected_proportion": 0.13821138211382114,
      "actual_proportion": 0.21052631578947367,
      "bias_ratio": 1.523219814241486,
      "status": "overrepresented"
    },
    "unknown": {
      "expected_proportion": 0.33062330623306235,
      "actual_proportion": 0.28421052631578947,
      "bias_ratio": 0.8596203623813632,
      "status": "balanced"
    },
    "north": {
      "expected_proportion": 0.3143631436314363,
      "actual_proportion": 0.3263157894736842,
      "bias_ratio": 1.0380217785843922,
      "status": "balanced"
    },
    "south": {
      "expected_proportion": 0.07588075880758807,
      "actual_proportion": 0.08421052631578947,
      "bias_ratio": 1.1097744360902255,
      "status": "balanced"
    },
    "east": {
      "expected_proportion": 0.03523035230352303,
      "actual_proportion": 0.021052631578947368,
      "bias_ratio": 0.5975708502024292,
      "status": "balanced"
    },
    "central": {
      "expected_proportion": 0.005420054200542005,
      "actual_proportion": 0.0,
      "bias_ratio": 0.0,
      "status": "underrepresented"
    }
  },
  "heritage_type_bias": {},
  "domain_bias": {},
  "graph_connectivity_bias": {},
  "recommendations": [
    "Add more queries for central region (bias ratio: 0.00)"
  ]
}